epoch,time,train/box_loss,train/cls_loss,train/dfl_loss,metrics/precision(B),metrics/recall(B),metrics/mAP50(B),metrics/mAP50-95(B),val/box_loss,val/cls_loss,val/dfl_loss,lr/pg0,lr/pg1,lr/pg2
1,38.958,1.94044,2.23277,1.75126,0.4905,0.37419,0.28786,0.05888,2.83669,4.67289,2.55066,0.000661333,0.000661333,0.000661333
2,75.9408,1.72261,1.3129,1.60509,0.39748,0.44839,0.23739,0.05089,2.56644,10.3621,2.28157,0.00067064,0.00067064,0.00067064
